name,url,username,password
saml.1bestarinet.net,https://saml.1bestarinet.net/,SYUKRI.FADHLI@yes.my,123456789
saml.1bestarinet.net,https://saml.1bestarinet.net/,YUNOS.ZALINA@YES.MY,123456789
www.365chess.com,https://www.365chess.com/,Masterninja07,Origami07
www.amazon.co.uk,https://www.amazon.co.uk/ap/signin,fadhlisyukriayie@gmail.com,origami07
animixplay.to,https://animixplay.to/,Masterninja07,Origami07
id.apple.com,https://id.apple.com/IDMSEmailVetting/vetemail.html,fadhlisyukriayie@gmail.com,Origami07
account.arena.net,https://account.arena.net/,fadhlisyukriayie@gmail.com,origami07
www.artstation.com,https://www.artstation.com/,Masterninja07,Origami07!
www.artstation.com,https://www.artstation.com/community/channels,fadhlisyukriayie@gmail.com,Origami07!
accounts.autodesk.com,https://accounts.autodesk.com/,fadhlisyukriayie@gmail.com,Origami07
us.battle.net,https://us.battle.net/,fadhlisyukriayie@gmail.com,origami07
best-online-books.com,https://best-online-books.com/,fadhlisyukriayie@gmail.com,Origami07
app.biteable.com,https://app.biteable.com/signup,fadhlisyukriayie@gmail.com,Origami07
profile.callofduty.com,https://profile.callofduty.com/cod-mobile/registerMobileGame,fadhlisyukriayie@gmail.com,Origami07
www.chessable.com,https://www.chessable.com/login/,fadhlisyukriayie@gmail.com,Origami07
mymoves.chessbase.com,https://mymoves.chessbase.com/,fadhlisyukriayie@gmail.com,Origami07fb
firefoxaccounts,chrome://firefoxaccounts/,b2b649a367a44f9cb4551982d39c1cd6,"{""version"":1,""accountData"":{""kSync"":""a00f37d450c92eb5a164bfd87dc933693adc661fde6368dde48781de5834a8b9ed018d793648705e40394d003441415cd32e00ddb3a7be11dcea6bde063a487b"",""kXCS"":""71c805f00c002db82987799cdc9d337c"",""kExtSync"":""ab95ac32a9c3d26d515d0a5d160166add16c990b9b65348dd57df4b7f378feb8eb44a699f6ef51818d0dfa15a6ccebf4e58aa8f524c20471aeabfa25a6b78070"",""kExtKbHash"":""4447e5ac50c86163c5e9d53d7ca3f1c7ee1f5d3b0ac49a54d82ed44448c67de8"",""scopedKeys"":{""https://identity.mozilla.com/apps/oldsync"":{""scope"":""https://identity.mozilla.com/apps/oldsync"",""kid"":""1564397285406-ccgF8AwALbgph3mc3J0zfA"",""k"":""oA831FDJLrWhZL_YfckzaTrcZh_eY2jd5IeB3lg0qLntAY15NkhwXkA5TQA0QUFc0y4A3bOnvhHc6mveBjpIew"",""kty"":""oct""}}}}"
shell.circuitmaker.com,https://shell.circuitmaker.com/,fadhlisyukriayie@gmail.com,Origami07
workspace.circuitmaker.com,https://workspace.circuitmaker.com/,fadhlisyukriayie@gmail.com,Origami07
clara.io,https://clara.io/view/2aafff64-2305-4d66-98ff-ab51cb51a3b9,Masterninja07,origami07
membership.cyberlink.com,https://membership.cyberlink.com/,fadhlisyukriayie@gmail.com,Origami07
decodechess.com,https://decodechess.com/,fadhlisyukriayie@gmail.com,Origami07
app.decodechess.com,https://app.decodechess.com/login,fadhlisyukriayie@gmail.com,Origami07
www.deviantart.com,https://www.deviantart.com/,Masterninja07,Origami07
discord.com,https://discord.com/,fadhlisyukriayie@gmail.com,Origami07
discordapp.com,https://discordapp.com/,fadhlisyukriayie@gmail.com,Origami07
www.dropbox.com,https://www.dropbox.com/,fadhlisyukriayie@gmail.com,origami07
www.facebook.com,https://www.facebook.com/login.php,fadhlisyukriayie@yahoo.com,origami07
www.facebook.com,https://www.facebook.com/,syukrifadhliayie@yahoo.com,origami07
accounts.firefox.com,https://accounts.firefox.com/,fadhlisyukriayie@gmail.com,Origami07
sso.garena.com,https://sso.garena.com/,ToxRay,Origami07
github.com,https://github.com/,fadhlisyukriayie@gmail.com,Origami07fbfb
accounts.google.com,https://accounts.google.com/,fadhlisyukriayie@gmail.com,Origami07fbfb
accounts.google.com,https://accounts.google.com/,m-418275@moe-dl.edu.my,Origami07fbfb
accounts.google.com,https://accounts.google.com/,syukrifadhliayie@gmail.com,Origami07fbfb
grabcad.com,https://grabcad.com/,fadhlisyukriayie@gmail.com,Origami07
academy.hackthebox.eu,https://academy.hackthebox.eu/register,fadhlisyukriayie@gmail.com,Origami07fbfb
app.hackthebox.eu,https://app.hackthebox.eu/invite,Pastaninja,Origami07fbfb
www.hirezstudios.com,https://www.hirezstudios.com/my-account/,Toxray,origami07
login.id.hp.com,https://login.id.hp.com/,fadhlisyukriayie@gmail.com,Origami07fb
www.icerdik.net,http://www.icerdik.net/,SYUKRI6A, 
www.icerdik.net,http://www.icerdik.net/home/en/hm/hm_home.php,SYUKRI6A,123456789
kissanime.ru,https://kissanime.ru/,Pastaninja,Origami07
kissmanga.com,https://kissmanga.com/,Masterninja07,Origami07
signup.na.leagueoflegends.com,https://signup.na.leagueoflegends.com/en/signup/index,Masterninja072,origami07
lichess.org,https://lichess.org/,fadhlisyukriayie@gmail.com,Origami07
www.linkedin.com,https://www.linkedin.com/,fadhlisyukriayie@yahoo.com,origami07
login.live.com,https://login.live.com/,fadhlisyukriayie@gmail.com,Origami07fbfb
mangadex.org,https://mangadex.org/,Masterninja07,Origami07
user.manganelo.com,https://user.manganelo.com/,Masterninja07,Origami07
mangarock.com,https://mangarock.com/,fadhlisyukriayie@gmail.com, 
mega.nz,https://mega.nz/,fadhlisyukriayie@gmail.com,origami07
scratch.mit.edu,https://scratch.mit.edu/,MusterNinja,Origami07
monkeytype.com,https://monkeytype.com/login,fadhlisyukriayie+1@gmail.com,Origami07fbfb
monkeytype.com,https://monkeytype.com/login,fadhlisyukriayie@gmail.com,Origami07fbfb
musescore.com,https://musescore.com/,Masterninja07,Origami07
www.naruto-arena.com,http://www.naruto-arena.com/game-manual/,Masterninja07,origami07
club.pokemon.com,https://club.pokemon.com/,Masterninja07,origami07
sso.pokemon.com,https://sso.pokemon.com/sso/login,Masterninja07,origami07
osu.ppy.sh,https://osu.ppy.sh/home/password-reset,f5033170,Origami07fbfb
www.readanybook.com,https://www.readanybook.com/,fadhlisyukriayie@gmail.com,origami07
www.reddit.com,https://www.reddit.com/,Masterninja07,origami07
www.reddit.com,https://www.reddit.com/,Masterninja08,Origami07fbfb
auth.riotgames.com,https://auth.riotgames.com/login,Pastaninja07,Origami07fbfb
auth.riotgames.com,https://auth.riotgames.com/login,Pastaninja072,Origami07fbfb
auth.riotgames.com,https://auth.riotgames.com/login,Pastaninja073,Origami07fbfb
www.roblox.com,https://www.roblox.com/,Masterninja07,Origami07fb
www.roblox.com,https://www.roblox.com/Login/iFrameLogin.aspx,Masterninja07,origami07
sheet.host,https://sheet.host/account/login,Masterninja07,Origami07
signup.sitebuilder.com,https://signup.sitebuilder.com/,fadhlisyukriayie@gmail.com,origami07
sketchfab.com,https://sketchfab.com/,fadhlisyukriayie@gmail.com,origami07
www.spotify.com,https://www.spotify.com/,,origami07
accounts.spotify.com,https://accounts.spotify.com/en/login,fadhlisyukriayie@gmail.com,Origami07fbfb
www.stackry.com,https://www.stackry.com/,fadhlisyukriayie@gmail.com,Origami07fb
store.steampowered.com,https://store.steampowered.com/,fadhlisyukriayie,origami07
www.stltones.com,https://www.stltones.com/account/register,fadhlisyukriayie@gmail.com,GeiTtudf2KHBqib
www.textures.com,https://www.textures.com/,fadhlisyukriayie@gmail.com,Origami07
www.tonton.com.my,http://www.tonton.com.my/tvShow,fadhlisyukriayie@yahoo.com,origami07
www.tumblr.com,https://www.tumblr.com/,Confirm password,Origami07
www.tumblr.com,https://www.tumblr.com/,fadhlisyukriayie@gmail.com,Origami07
www.tunnelbear.com,https://www.tunnelbear.com/,fadhlisyukriayie@gmail.com,origami07
play.typeracer.com,https://play.typeracer.com/,pastaninja07,Origami07fbfb
ms.wikipedia.org,https://ms.wikipedia.org/,Syukri Fadhli,origami07
login.yahoo.com,https://login.yahoo.com/config/mail,fadhlisyukriayie@yahoo.com,origami07
login.yahoo.com,https://login.yahoo.com/,syukrifadhliayie@yahoo.com,Origami07
www.yes.my,https://www.yes.my/activation/1bestariNetContinue.do,,123456789
www.zoom-a.com,http://www.zoom-a.com/,sktsj-6-50008,1325
ufi.ztedevice.com,http://ufi.ztedevice.com/,Umobile-07E1F1,05208562
ufi.ztedevice.com,http://ufi.ztedevice.com/index.html,syukri,admin
